userID,signupDate,user,pass,name,location
1,17-Apr-21,fluffypenguin,ap2ezfg6,Oliver Wilson,New York City
2,17-Apr-21,firecat,fv7hduyx,Emma Brown,Los Angeles
3,17-Apr-21,sunshinegirl,9d8jgrt4,Ava Martinez,London
4,17-Apr-21,bluesky,vf4d7hj2,William Jones,Tokyo
5,17-Apr-21,coolguy,mk5edc7y,James Anderson,Paris
6,17-Apr-21,smartypants,hn8yufc3,Charlotte Taylor,Sydney
7,17-Apr-21,greeneyes,kj3h7fz9,Benjamin Lee,Rio de Janeiro
8,17-Apr-21,bookworm,hd7yufg2,Amelia Garcia,Bangkok
9,17-Apr-21,musiclover,fr6tg7d9,Olivia Davis,Seoul
10,17-Apr-21,dancingqueen,cb3yfgk8,Mia Hernandez,Mumbai
11,18-Apr-21,beachbum,mn6h8ud9,Liam Wilson,Istanbul
12,18-Apr-21,nightowl,gt5fgk9e,Ethan Smith,Moscow
13,18-Apr-21,foodie,vd8hyt2j,Isabella Perez,São Paulo
14,18-Apr-21,traveler,ht4de7k2,Sophia Allen,Shanghai
15,18-Apr-21,partyanimal,uj7hfd2t,Michael Garcia,Cairo
16,18-Apr-21,rockstar,gv9hj7f4,Mason Lopez,Delhi
17,18-Apr-21,hikingfan,fr4tyd9e,Harper Parker,Mexico City
18,18-Apr-21,bookworm2,td3fgh7j,Evelyn Phillips,Buenos Aires
19,18-Apr-21,bigdreamer,vf7jyt4k,Logan Martin,Jakarta
20,18-Apr-21,coffeeaddict,hy5ytr2f,Avery Rodriguez,Beijing
21,19-Apr-21,beachlover,gf6h8ud7,Daniel Wright,Lima
22,19-Apr-21,gymrat,jh2yufd7,Noah Hernandez,Madrid
23,19-Apr-21,artist,rt6hj8yf,Harper Green,Vienna
24,19-Apr-21,foodlover,de3h8uy6,Amelia Walker,Athens
25,19-Apr-21,moviebuff,cd5yufg8,Sebastian King,Rome
26,19-Apr-21,thegamer,hu7jft4d,Abigail Scott,Istanbul
27,19-Apr-21,musicjunkie,fr7hj9t5,Emily Baker,Budapest
28,19-Apr-21,animallover,jh4yufg2,Matthew Taylor,Santiago
29,19-Apr-21,booknerd,fr3g7yhj,Lucy Scott,Copenhagen
30,19-Apr-21,foodie2,kd5yufg7,Nicholas Peterson,Hanoi
31,20-Apr-21,photographer,kj4h8yf2,Avery Collins,Amsterdam
32,20-Apr-21,fitnessjunkie,mj9h8gd6,Henry Lee,Kuala Lumpur
33,20-Apr-21,techgeek,gh6yfj8d,Chloe Hill,Melbourne
34,20-Apr-21,yogini,ju5hyt4g,Alexander Allen,Oslo
35,20-Apr-21,thetraveler,hn9gju4t,Aria Clark,Prague
36,20-Apr-21,foodie3,hj5tyd7g,Lincoln Wright,Seoul
37,20-Apr-21,adventurer,uj7gjy6f,Elizabeth Brown,Stockholm
38,20-Apr-21,musician,hj4gfty7,Dylan Johnson,Vancouver
39,20-Apr-21,animallover2,ju4h7fj9,Lila Garcia,Zurich
40,20-Apr-21,bookworm3,jh2gfd7t,Asher Hall,Barcelona
41,21-Apr-21,beachbum2,mn6h8ud9,Hazel Martinez,Honolulu
42,21-Apr-21,nightowl2,gt5fgk9e,Landon Davis,Montreal
43,21-Apr-21,foodie4,vd8hyt2j,Nora Allen,Nairobi
44,21-Apr-21,traveler2,ht4de7k2,Julian Phillips,New Delhi
45,21-Apr-21,partyanimal2,uj7hfd2t,Maya Carter,Amman
46,21-Apr-21,rockstar2,gv9hj7f4,Gabriel Turner,Brussels
47,21-Apr-21,hikingfan2,fr4tyd9e,Victoria Perez,Budapest
48,21-Apr-21,bookworm4,td3fgh7j,Jacob Ramirez,Chicago
49,21-Apr-21,bigdreamer2,vf7jyt4k,Lila Foster,Dublin
50,21-Apr-21,coffeeaddict2,hy5ytr2f,Hudson Hill,Frankfurt
51,22-Apr-21,beachlover2,gf6h8ud7,Emma Watson,Hamburg
52,22-Apr-21,gymrat2,jh2yufd7,Lucas Price,Istanbul
53,22-Apr-21,artist2,rt6hj8yf,Clara Brown,Kyoto
54,22-Apr-21,foodlover2,de3h8uy6,Nicholas James,Lisbon
55,22-Apr-21,moviebuff2,cd5yufg8,Stella Howard,Milan
56,22-Apr-21,thegamer2,hu7jft4d,Jackson Barnes,Prague
57,22-Apr-21,musicjunkie2,fr7hj9t5,Leah Cooper,Shanghai
58,22-Apr-21,animallover3,jh4yufg2,Gabriel Wood,Toronto
59,22-Apr-21,booknerd2,fr3g7yhj,Scarlett Davis,Vancouver
61,23-Apr-21,photographer2,ju5htg4e,Liam Adams,Barcelona
62,23-Apr-21,traveler3,kj8yfg2d,Olivia Green,Bangkok
63,23-Apr-21,foodie6,gt4h7fj9,Asher Hill,Berlin
64,23-Apr-21,fitnessjunkie2,hn6ytd9f,Abigail Scott,Copenhagen
65,23-Apr-21,bookworm5,vf6gju4h,Nathan Collins,Hanoi
66,23-Apr-21,musician2,ju5hty7f,Isabella Campbell,Hong Kong
67,23-Apr-21,animallover4,ht4fj7g9,Lucas Foster,Kuala Lumpur
68,23-Apr-21,thetraveler2,uj7hfd2t,Maya Carter,Los Angeles
69,23-Apr-21,adventurer2,gf5jut8d,Sophia Ramirez,Mexico City
70,23-Apr-21,hikingfan3,ju7gfd2t,Noah Martinez,New York City
71,24-Apr-21,booknerd3,hu5gfd4s,Alexandra Allen,Paris
72,24-Apr-21,nightowl3,hj2gfd7t,Anthony Collins,Rio de Janeiro
73,24-Apr-21,coffeeaddict3,mj9h8gd6,Oliver King,Rome
74,24-Apr-21,foodlover3,gh6yfj8d,Isabelle Scott,San Francisco
75,24-Apr-21,moviebuff3,hn9gju4t,Ethan Turner,Singapore
76,24-Apr-21,thegamer3,hj5tyd7g,Lila Foster,Sydney
77,24-Apr-21,rockstar3,uj7gjy6f,Aria Clark,Tokyo
78,24-Apr-21,beachbum3,fr7hj9t5,Adrian Wright,Vancouver
79,24-Apr-21,gymrat3,cd5yufg8,Chloe Hill,Zurich
80,24-Apr-21,artist3,td3fgh7j,Lincoln Davis,Amsterdam
81,25-Apr-21,foodie7,gf6h8ud7,Elizabeth Brown,Athens
82,25-Apr-21,bookworm6,jh2yufd7,Victoria Perez,Bangkok
83,25-Apr-21,musicjunkie3,rt6hj8yf,James Lee,Barcelona
84,25-Apr-21,animallover5,de3h8uy6,Abigail Garcia,Beijing
85,25-Apr-21,thetraveler3,fr4tyd9e,Lila Wood,Berlin
86,25-Apr-21,fitnessjunkie3,ht4de7k2,William Clark,Cairo
87,25-Apr-21,partyanimal3,uj7hfd2t,Sophie Green,Cape Town
88,25-Apr-21,hikingfan4,gv9hj7f4,Jacob Davis,Chicago
89,25-Apr-21,booknerd4,vf7jyt4k,Oliver Wright,Copenhagen
91,26-Apr-21,moviebuff4,hy8gfj3d,Ethan Evans,Dubai
92,26-Apr-21,coffeeaddict4,fd3hj7k8,Audrey Flores,Florence
93,26-Apr-21,foodlover4,ju5gfd3h,Evelyn Cook,Hanoi
94,26-Apr-21,thegamer4,hj7gfd9e,Leo Martinez,Hong Kong
95,26-Apr-21,beachbum4,df5gju7h,Julia Torres,Kuala Lumpur
96,26-Apr-21,gymrat4,ju5hfd7g,Miles Morris,Las Vegas
97,26-Apr-21,artist4,hj7gfd5h,Scarlett Mitchell,Lisbon
98,26-Apr-21,nightowl4,ju8ghd3f,Noah Peterson,London
99,26-Apr-21,traveler4,hg3jfd7k,Samantha Carter,Los Angeles
100,26-Apr-21,adventurer3,uj7hfd2t,William Edwards,Madrid
101,27-Apr-21,booknerd5,ju8hgfd4s,Avery Rivera,Mexico City
102,27-Apr-21,rockstar4,jh5gfd2r,Aiden Scott,Miami
103,27-Apr-21,animallover6,ju5hfd4g,Hazel Young,Milan
104,27-Apr-21,coffeeaddict5,ju7ghd2r,Ella Torres,Moscow
105,27-Apr-21,thetraveler4,ju5hfd3g,Asher Collins,Mumbai
106,27-Apr-21,fitnessjunkie4,gf3jut7h,Savannah Clark,New York City
107,27-Apr-21,beachbum5,ju7hfd3t,Adam King,Paris
108,27-Apr-21,foodie8,uj5gfd8y,Hannah Brown,Rio de Janeiro
109,27-Apr-21,musicjunkie4,jh5gfd4s,Leo Davis,Rome
110,27-Apr-21,bookworm7,ju6hgfd5d,Grace Jackson,San Francisco
111,28-Apr-21,thegamer5,ju7hfd4g,Madison Wright,Santiago
112,28-Apr-21,artist5,jh5gfd3s,Maxwell Hill,Seoul
113,28-Apr-21,nightowl5,hj4gfd2t,Mia Perez,Singapore
114,28-Apr-21,foodlover5,hn8gfd2r,Adrian Rivera,Sydney
115,28-Apr-21,traveler5,hj5gfd7s,Sophia Garcia,Tokyo
116,28-Apr-21,gymrat5,ju7hfd3k,Aiden Green,Vancouver
117,28-Apr-21,beachbum6,ju8hfd4s,Emily Flores,Zurich
118,28-Apr-21,hikingfan5,uj7gfd5s,Isabella Cooper,Amsterdam
119,28-Apr-21,booknerd6,hj5gfd7t,Avery Taylor,Athens
121,29-Apr-21,thegamer6,ju8hfd5t,Landon Wright,Bangkok
122,29-Apr-21,coffeeaddict6,jh5gfd2s,Emma Martinez,Barcelona
123,29-Apr-21,foodie9,ju7hfd4r,James Lee,Berlin
124,29-Apr-21,traveler6,jh5gfd3d,Lucas Hernandez,Bogota
125,29-Apr-21,gymrat6,ju8hfd2r,Victoria Clark,Brussels
126,29-Apr-21,beachbum7,jh4gfd9h,Julian Martin,Buenos Aires
127,29-Apr-21,bookworm8,hj7gfd4g,Makayla Baker,Cairo
128,29-Apr-21,nightowl6,ju5hfd3f,Nathan Adams,Cape Town
129,29-Apr-21,artist6,ju6hfd7k,Oliver Collins,Chicago
130,29-Apr-21,musicjunkie5,hj5gfd3d,Chloe Johnson,Dallas
131,30-Apr-21,foodlover6,ju7hfd5s,Michaela Perez,Delhi
132,30-Apr-21,beachbum8,ju8hfd4s,Owen King,Dublin
133,30-Apr-21,traveler7,ju7hfd5g,Penelope Torres,Geneva
134,30-Apr-21,gymrat7,hj4gfd2t,Xavier Cooper,Ho Chi Minh City
135,30-Apr-21,booknerd7,hn8gfd2r,Avery Rodriguez,Hong Kong
136,30-Apr-21,moviebuff6,ju6hfd3k,Benjamin Smith,Istanbul
137,30-Apr-21,thetraveler5,jh5gfd4s,Eva White,Jakarta
138,30-Apr-21,animallover7,hj5gfd2r,Logan Wilson,Kiev
139,30-Apr-21,foodie10,jh4gfd3d,Mason Edwards,Lisbon
140,30-Apr-21,coffeeaddict7,hj8gfd7k,Naomi Davis,London
141,01-May-21,artist7,ju5hfd4g,William Wright,Los Angeles
142,01-May-21,nightowl7,ju7hfd5d,Zoe Cooper,Madrid
143,01-May-21,traveler8,jh5gfd3f,Aria King,Mexico City
144,01-May-21,beachbum9,ju7hfd2t,Brody Rivera,Miami
145,01-May-21,hikingfan6,hj5gfd4s,Clara Perez,Milan
146,01-May-21,thegamer7,ju6hfd3k,David Taylor,Moscow
147,01-May-21,bookworm9,ju8hfd2r,Ellie Collins,Mumbai
148,01-May-21,gymrat8,hn7gfd3d,John Green,New York City
149,01-May-21,musicjunkie6,ju5hfd4g,Katherine Adams,Paris
151,02-May-21,traveler9,jh5gfd6h,Asher Hernandez,Rio de Janeiro
152,02-May-21,coffeeaddict8,hj4gfd3d,Ethan Martinez,Rome
153,02-May-21,gymrat9,hj7gfd2t,Isabella Brown,San Francisco
154,02-May-21,beachbum10,ju8hfd4s,Jasmine Davis,Santiago
155,02-May-21,booknerd8,ju7hfd5g,Levi Wilson,Sao Paulo
156,02-May-21,thetraveler6,ju6hfd3k,Natalie Adams,Seoul
157,02-May-21,moviebuff7,jh5gfd2r,Oscar Garcia,Shanghai
158,02-May-21,foodie11,ju7hfd4g,Ryan Cooper,Singapore
159,02-May-21,nightowl8,ju5hfd3f,Samantha Hall,Sydney
160,02-May-21,artist8,hj6gfd2t,Tyler Robinson,Taipei
161,03-May-21,beachbum11,hj8gfd3d,Valerie Baker,Tokyo
162,03-May-21,traveler10,ju7hfd5s,Xander Green,Toronto
163,03-May-21,gymrat10,ju8hfd4s,Yara Jones,Vancouver
164,03-May-21,coffeeaddict9,hj5gfd3f,Zachary Martin,Vienna
165,03-May-21,foodlover8,hj6gfd7k,Abigail Collins,Washington D.C.
166,03-May-21,thegamer8,ju7hfd5d,Blake Hernandez,Zurich
167,03-May-21,bookworm10,ju5hfd4g,Caroline Lee,Amsterdam
168,03-May-21,nightowl9,ju7hfd3k,Diego Wilson,Athens
169,03-May-21,traveler11,hj4gfd2t,Evelyn Garcia,Auckland
170,03-May-21,musicjunkie7,ju6hfd4s,Finn Adams,Bangkok
171,04-May-21,beachbum12,ju8hfd5g,Gabriella Perez,Barcelona
172,04-May-21,coffeeaddict10,ju7hfd6h,Harrison Torres,Berlin
173,04-May-21,foodie12,ju6hfd7k,Isabelle Smith,Bogota
174,04-May-21,booknerd9,jh5gfd4s,Jacob White,Brussels
175,04-May-21,thetraveler7,jh8gfd3d,Kayla Johnson,Buenos Aires
176,04-May-21,gymrat11,ju5hfd2r,Lila Hernandez,Cairo
177,04-May-21,nightowl10,hj6gfd4s,Maxwell Clark,Cape Town
178,04-May-21,moviebuff8,jh7gfd5s,Noah Collins,Chicago
179,04-May-21,artist9,ju6hfd3f,Olivia Johnson,Dallas
181,05-May-21,coffeeaddict11,ju7hfd2t,Parker Adams,Dubai
182,05-May-21,foodie13,hj5gfd4s,Quinn Rodriguez,Dublin
183,05-May-21,gymrat12,hj4gfd5g,Riley Parker,Florence
184,05-May-21,beachbum13,hj8gfd6h,Scarlett King,Hong Kong
185,05-May-21,thetraveler8,hj7gfd3d,Thomas Cooper,Istanbul
186,05-May-21,booknerd11,hj6gfd2r,Uma Wright,Jakarta
187,05-May-21,nightowl11,hj5gfd3f,Victoria Anderson,Kuala Lumpur
188,05-May-21,moviebuff9,ju7hfd4g,William Wright,Lisbon
189,05-May-21,artist10,ju5hfd3k,Xavier Hill,London
190,05-May-21,traveler13,hj6gfd7k,Yaretzi Nelson,Los Angeles
191,06-May-21,coffeeaddict12,ju7hfd4s,Zara Adams,Madrid
192,06-May-21,booknerd12,jh5gfd6h,Andrew Torres,Melbourne
193,06-May-21,foodie14,ju6hfd3d,Bailey Wright,Mexico City
194,06-May-21,thegamer9,ju7hfd5g,Charlotte Mitchell,Miami
195,06-May-21,beachbum14,hj8gfd2r,Daniel Walker,Milan
196,06-May-21,gymrat13,hj4gfd5s,Eliana Scott,Montreal
197,06-May-21,nightowl12,ju5hfd3f,Felix Ramirez,Moscow
198,06-May-21,moviebuff10,jh6gfd2t,Grace Green,Mumbai
199,06-May-21,traveler14,jh7gfd3k,Harper Lee,New York City
200,06-May-21,artist11,jh8gfd4g,Isaac Lewis,Paris
201,07-May-21,booknerd13,ju5hfd3d,Jasmine Hall,Prague
202,07-May-21,coffeeaddict13,ju7hfd4s,Kennedy Ortiz,Rio de Janeiro
203,07-May-21,foodlover9,ju6hfd7k,Landon Gonzalez,Rome
204,07-May-21,thetraveler9,ju7hfd5g,Mia Ward,San Francisco
205,07-May-21,gymrat14,jh6gfd4s,Nathan Perez,Santiago
206,07-May-21,nightowl13,jh5gfd2r,Oliver Flores,Sao Paulo
207,07-May-21,moviebuff11,ju8hfd3k,Penelope Carter,Seoul
208,07-May-21,beachbum15,ju7hfd5s,Quentin Phillips,Shanghai
209,07-May-21,traveler15,jh4gfd2t,Ruby Turner,Singapore
211,08-May-21,coffeeaddict14,jh5gfd3k,Taylor Wood,Stockholm
212,08-May-21,booknerd14,ju8hfd4g,Ulysses Ross,Sydney
213,08-May-21,foodie15,ju7hfd5s,Valentina Fisher,Taipei
214,08-May-21,thegamer10,hj6gfd2t,William Cole,Tokyo
215,08-May-21,beachbum16,ju6hfd3d,Xander Gordon,Toronto
216,08-May-21,gymrat15,ju5hfd4s,Yasmin Knight,Vancouver
217,08-May-21,nightowl14,jh4gfd6h,Zachary Ellis,Venice
218,08-May-21,moviebuff12,ju7hfd3f,Alina Greene,Vienna
219,08-May-21,traveler16,hj8gfd5g,Bryson Watson,Zurich
220,08-May-21,artist13,hj7gfd4g,Camilla Murray,Barcelona
221,09-May-21,coffeeaddict15,ju5hfd3k,David Parker,Bangkok
222,09-May-21,foodlover10,jh8gfd4s,Ellie Murphy,Berlin
223,09-May-21,thetraveler10,hj7gfd2r,Finnegan Carter,Boston
224,09-May-21,gymrat16,ju6hfd3d,Gabriel Bennett,Brussels
225,09-May-21,beachbum17,jh5gfd6h,Hannah Rogers,Budapest
226,09-May-21,nightowl15,ju8hfd4g,Isabel Turner,Cairo
227,09-May-21,moviebuff13,ju7hfd5s,Jacob Richardson,Cape Town
228,09-May-21,traveler17,hj6gfd2t,Katherine Carter,Chicago
229,09-May-21,artist14,ju5hfd3f,Leo Wright,Copenhagen
230,09-May-21,booknerd15,hj4gfd5g,Mila Johnson,Dallas
231,10-May-21,coffeeaddict16,ju6hfd4s,Nolan Perez,Dubai
232,10-May-21,thegamer11,jh5gfd2r,Olivia James,Dublin
233,10-May-21,foodie16,hj6gfd3k,Penelope Wright,Florence
234,10-May-21,beachbum18,ju7hfd4g,Quincy Reed,Hong Kong
235,10-May-21,gymrat17,ju8hfd5s,River Brooks,Istanbul
236,10-May-21,nightowl16,jh4gfd2t,Scarlett Gomez,Jakarta
237,10-May-21,moviebuff14,ju5hfd3d,Thomas Bell,Kuala Lumpur
238,10-May-21,traveler18,jh6gfd4s,Una Davis,Lisbon
239,10-May-21,artist15,jh7gfd5g,Vincent Powell,London
241,11-May-21,coffeeaddict17,ju6hfd3d,Avery Flores,Los Angeles
242,11-May-21,thegamer12,hj5gfd4g,Bella Rose,Madrid
243,11-May-21,foodie17,hj6gfd5s,Caleb Torres,Melbourne
244,11-May-21,beachbum19,jh7gfd2r,Daisy Carter,Mexico City
245,11-May-21,gymrat18,ju5hfd3f,Elijah James,Miami
246,11-May-21,nightowl17,jh8gfd5g,Freya Cooper,Milan
247,11-May-21,moviebuff15,hj7gfd4g,Gabriela Hill,Moscow
248,11-May-21,traveler19,ju8hfd3k,Harper Cruz,Mumbai
249,11-May-21,artist16,hj4gfd6h,Isabella Perez,New York
250,11-May-21,booknerd17,ju7hfd4s,Jameson Foster,Paris
251,12-May-21,coffeeaddict18,hj6gfd2r,Kennedy Lopez,Prague
252,12-May-21,foodlover11,ju5hfd3d,Landon Powell,Rio de Janeiro
253,12-May-21,thetraveler11,hj4gfd4g,Madison Collins,Rome
254,12-May-21,gymrat19,ju7hfd5s,Nova Parker,San Francisco
255,12-May-21,beachbum20,hj8gfd6h,Oscar Wright,Santiago
256,12-May-21,nightowl18,ju6hfd3k,Paisley Lee,Sao Paulo
257,12-May-21,moviebuff16,jh5gfd2t,Quinn Peterson,Seoul
258,12-May-21,traveler20,ju8hfd4g,Ryker Smith,Shanghai
259,12-May-21,artist17,hj7gfd5g,Skylar Ramirez,Singapore
260,12-May-21,booknerd18,hj6gfd4s,Theo Collins,Sydney
261,13-May-21,coffeeaddict19,jh5gfd3k,Uma Parker,Taipei
262,13-May-21,thegamer13,hj8gfd4g,Violet Baker,Tokyo
263,13-May-21,foodie18,ju7hfd5s,Wilder Rivera,Toronto
264,13-May-21,beachbum21,jh6gfd2t,Xavier Price,Vancouver
265,13-May-21,gymrat20,ju5hfd3f,Yara Evans,Venice
266,13-May-21,nightowl19,jh4gfd6h,Zander Hill,Vienna
267,13-May-21,moviebuff17,ju7hfd3d,Aaliyah Tucker,Zurich
268,13-May-21,traveler21,hj8gfd5g,Brayden Ward,Barcelona
269,13-May-21,artist18,ju6hfd4s,Charlotte Reyes,Bangkok
271,14-May-21,coffeeaddict20,hj4gfd3k,Daniel Silva,Beijing
272,14-May-21,thegamer14,ju8hfd4g,Emma Foster,Berlin
273,14-May-21,foodie19,hj7gfd5g,Finnegan Wood,Buenos Aires
274,14-May-21,beachbum22,ju6hfd6h,Gabrielle Ortiz,Cape Town
275,14-May-21,gymrat21,hj5gfd4g,Henry Collins,Chicago
276,14-May-21,nightowl20,ju7hfd3d,Isabelle Carter,Dallas
277,14-May-21,moviebuff18,hj6gfd2t,Jacob Reed,Dubai
278,14-May-21,traveler22,ju5hfd3f,Kinsley Powell,Dublin
279,14-May-21,artist19,hj4gfd4s,Luciana Cruz,Frankfurt
280,14-May-21,booknerd20,ju8hfd5s,Mason Long,Geneva
281,15-May-21,coffeeaddict21,hj7gfd6h,Nina Sanders,Hong Kong
282,15-May-21,thegamer15,ju6hfd4g,Oliver Baker,Houston
283,15-May-21,foodlover12,hj5gfd5g,Phoenix Davis,Istanbul
284,15-May-21,beachbum23,ju7hfd3k,Quincy Torres,Jakarta
285,15-May-21,gymrat22,hj8gfd4s,River Evans,Kuala Lumpur
286,15-May-21,nightowl21,ju5hfd2t,Samuel Morris,Las Vegas
287,15-May-21,moviebuff19,hj4gfd3f,Trinity Perez,Los Angeles
288,15-May-21,traveler23,ju8hfd6h,Ulysses Rivera,Madrid
289,15-May-21,artist20,hj7gfd5g,Valentina Hill,Melbourne
290,15-May-21,booknerd21,ju6hfd4s,Wyatt Collins,Mexico City
291,16-May-21,coffeeaddict22,hj5gfd3d,Xander Lee,Miami
292,16-May-21,thegamer16,ju8hfd4g,Yaretzi Davis,Milan
293,16-May-21,foodie20,hj7gfd6h,Zane Parker,Moscow
294,16-May-21,beachbum24,ju6hfd5g,Amelia Hayes,Mumbai
295,16-May-21,gymrat23,hj5gfd4g,Braxton Green,New York
296,16-May-21,nightowl22,ju7hfd3k,Camila Perez,Paris
297,16-May-21,moviebuff20,hj8gfd2t,Declan Reyes,Prague
298,16-May-21,traveler24,ju5hfd3f,Ella Smith,Rio de Janeiro
299,16-May-21,artist21,hj4gfd6h,Freddie Davis,Rome
301,2022-10-18,coolduck221,dUpwzK4X,Rafael Lynch,Paris
302,2022-10-18,bluebear786,mPq4y5zT,Annabelle Baker,New York City
303,2022-10-18,redpanda123,rHb8cL6G,Jennifer Hunter,Sydney
304,2022-10-18,sneakyfox989,gFk9sT5J,Joshua Reyes,Moscow
305,2022-10-18,fastcheetah777,wVg2yE8C,Oliver Morales,Tokyo
306,2022-10-19,goldenfish202,uBc5rF6S,Tristan Marshall,Madrid
307,2022-10-19,blackcat666,aHn7tB8W,Eliza Green,London
308,2022-10-19,whiteswan222,oLm6nZ9X,Kimberly Gonzalez,Los Angeles
309,2022-10-19,pinkpenguin123,bPf9tD7K,Jeffrey Taylor,Beijing
310,2022-10-19,bluedolphin789,rCj3mV4H,Emily Campbell,Rome
311,2022-10-20,greylion555,pNq6xR9T,David Cox,Mumbai
312,2022-10-20,brownbear111,tVj4nL7Z,Lisa Stewart,São Paulo
313,2022-10-20,yellowcat444,mHw7pF2K,Justin Powell,Bangkok
314,2022-10-20,redpanda222,fGd5tS6X,Maria Lee,Barcelona
315,2022-10-20,bluewhale111,jNf8hR4P,Jonathan Baker,Mexico City
316,2022-10-21,greenfrog333,dLm6jP7Z,Audrey Collins,Seoul
317,2022-10-21,blackpanther555,gNf3dV5T,Alexander White,Singapore
318,2022-10-21,whiteowl111,cHq2bS7X,Nathan Martinez,Shanghai
319,2022-10-21,bluejaguar222,bGw9rN5E,Evelyn Hernandez,Moscow
320,2022-10-21,redfox444,vJz8nM4D,Thomas Scott,London
321,2022-10-22,blackcat777,sJd9kW4R,Madison Wright,Toronto
322,2022-10-22,yellowfish333,qHj8pV9X,Ethan Evans,Mexico City
323,2022-10-22,pinkpanda111,kMq3tD5N,Sophia Turner,Los Angeles
324,2022-10-22,greenparrot222,zPf5vX9R,Brandon Young,Tokyo
325,2022-10-22,whitecat333,dHw6cJ7P,Karen Cox,Moscow
326,2022-10-23,blackdog444,sGn2pL5F,Landon Davis,Paris
327,2022-10
